{"cameraMode":{"drawMode":0,"name":"Shaded","section":"Shading Mode"},"sceneLighting":false,"audioPlay":false,"sceneViewState":{"m_AlwaysRefresh":false,"showFog":true,"showSkybox":true,"showFlares":true,"showImageEffects":true,"showParticleSystems":true,"showVisualEffectGraphs":true,"m_FxEnabled":true},"in2DMode":false,"pivot":{"x":-2.656390428543091,"y":-0.4312063455581665,"z":2.3030333518981935},"rotation":{"x":0.09514961391687393,"y":0.04627184569835663,"z":-0.004426752217113972,"w":0.9943692684173584},"size":0.752733588218689,"orthographic":false}